<assembly xmlns="http://maven.apache.org/plugins/maven-assembly-plugin/assembly/1.1.2"
    xmlns:xsi="http://www.w3.org/2001/XMLSchema-instance"
    xsi:schemaLocation="http://maven.apache.org/plugins/maven-assembly-plugin/assembly/1.1.2 http://maven.apache.org/xsd/assembly-1.1.2.xsd">
  <!-- Assembly specifying Dockerbuild for rhuss/docker-maven-plugin -->
  <dependencySets>
    <dependencySet>
      <useProjectArtifact>true</useProjectArtifact>
      <includes>
        <include>org.jolokia:docker-maven-sample</include>
      </includes>
      <outputDirectory>.</outputDirectory>
      <outputFileNameMapping>docker-sample.jar</outputFileNameMapping>
    </dependencySet>
  </dependencySets>
</assembly>